"Name","Calls","TotalDurationNs","AverageNs","Percentage"
"kernel(float*, int, int)",13,274814623061,21139586389,92.8511258711066
"<barrier packet>",1,21158764965,21158764965,7.148874128893404
